0,1
D614G,37033
S477N,9090
Q677H,562
P681H,537
L5F,522
L452R,477
S13I,454
W152C,446
D253G,249
E780Q,239
L54F,209
T632N,194
T732A,175
G1124V,171
D138H,135
S698L,119
N501T,116
L18F,115
V1176F,112
V1228L,112
T859I,102
A222V,101
Q677P,101
D138Y,99
H49Y,98
N501Y,98
P26S,96
P1263L,94
S254F,94
E484K,86
S12F,86
A520S,82
E583D,82
P812L,82
A930V,81
T572I,79
S494P,78
S939F,78
Q675H,73
D80Y,69
T716I,68
P681R,65
V382L,65
A845S,64
P681L,64
D936Y,63
E1144Q,63
Q173K,63
T778I,63
T95I,59
A845D,58
G769V,57
T732S,55
M153I,54
A263S,51
A570D,51
D1118H,51
T307I,51
S221L,50
S982A,50
T20I,50
T478K,50
V320I,50
M1229I,49
D111N,48
E1202Q,47
T29I,45
W258L,45
A1078S,44
A688V,44
E180V,44
V483A,44
A522V,43
H655Y,43
T1117I,42
V1264L,41
A475S,40
G142S,40
N1187Y,40
Q675R,40
A1070S,37
G75V,37
M1237I,37
F220L,35
V1104L,35
A522S,34
S640F,34
K1191N,33
S98F,33
A879S,32
V1164F,32
V6F,32
H1101Y,31
D215Y,29
Q613H,29
G252V,28
W152L,28
F32L,27
P1162S,27
A67S,26
D178N,26
L822F,26
P26L,26
P330S,26
Q52H,26
A27S,25
A701V,25
D1163Y,25
K1073N,25
L176F,25
P631S,25
Q14H,25
V1122L,25
V308L,25
A1020V,24
G72R,24
T747I,24
D1118Y,23
H69Y,23
N679K,23
S256L,23
A27V,22
G1219C,22
Q677R,22
S1252F,22
T22I,22
A243S,21
D936N,21
G181R,21
H245Y,21
M177I,21
P1112L,21
T1027I,21
T76I,21
